# clients,v/s
1,5037.216487
2,7842.822589
4,9985.492198
8,10269.6142
16,11277.95158
32,11202.41028